timestamp,message
1775119278808,"{""event"": ""session_insights_trace"", ""phase"": ""data_collection_start"", ""analysis_id"": ""8d28efed"", ""lookback_hours"": 720, ""lookback_mode"": """", ""query_profile"": ""completeness_first"", ""completeness_first"": true, ""fast_mode"": false, ""budgets"": {""runtime_seconds"": 7.0, ""evaluator_seconds"": 5.0, ""xray_seconds"": 5.0}, ""question_excerpt"": ""list out all the usersnames""}"
1775119286807,"{""event"": ""session_insights_trace"", ""phase"": ""data_collection_complete"", ""analysis_id"": ""8d28efed"", ""elapsed_seconds"": 8.1, ""runtime_events"": 115, ""runtime_streams"": [""agent-traces""], ""runtime_source_stats"": {""fixed_stream_name"": ""agent-traces"", ""fixed_stream_records"": 0, ""backfill_records"": 115, ""backfill_streams"": [""agent-traces""]}, ""evaluator_events"": 400, ""xray_summaries"": 50, ""evaluator_groups"": [""/aws/bedrock-agentcore/evaluations/results/evaluation_quick_start_1773400924069-RMD3JBHdQM""]}"
1775119287201,"{""event"": ""session_insights_trace"", ""phase"": ""session_building_complete"", ""analysis_id"": ""8d28efed"", ""session_build_seconds"": 0.179, ""sessions_created"": 110, ""users_created"": 10}"
1775119287221,"{""event"": ""session_insights_trace"", ""phase"": ""session_user_index_built"", ""analysis_id"": ""8d28efed"", ""total_sessions"": 110, ""total_traces"": 203, ""users_detected"": 10, ""traces_per_session"": {""a179d4cb-d648-48b2-b6e0-eda4d380961e"": 1, ""95f0aff1-85dc-40d5-9d6a-d455431d1b35"": 2, ""a6983d73-e885-4ac2-a376-062e72226b45"": 4, ""eb28784f-e7c1-4133-8aeb-0720ebe25ec1"": 2, ""70006ceb-6d6b-4516-a678-db142031bb41"": 1, ""85d2fe48-527d-4c87-91e0-8e97f080033c"": 2, ""3997133a-7163-4e8f-adb9-f29819be8ff9"": 2, ""2ed872b4-2dd5-4c75-abba-e0c067364455"": 2, ""ff93db57-2f30-4109-a58b-68e120667ea7"": 1, ""9a18fe0f-0794-43e1-84ea-8b08fde75db9"": 2, ""0be3efee-11e8-4055-902b-492388eebba2"": 2, ""82a7ba4b-2b1e-4369-a474-0769c124b38d"": 2, ""7b9a3c45-bb18-41f9-ac85-be080d1f4149"": 2, ""be4b5559-58c8-44ad-b7a0-2837ff37ba6b"": 12, ""fc72c405-dc56-4e86-94f9-56cf8585c4f4"": 2, ""fe7b5129-22b6-413b-95e0-a18d80f4cd12"": 2, ""4b4c486a-3df8-4d64-928a-0a32e8e984d3"": 4, ""82e82207-f4a5-4391-aa56-e2976bb4b186"": 3, ""a3ef17e2-e40b-4643-a6f2-a096cc3fd98d"": 2, ""eabba9c7-dd63-4626-bdfa-43ae87c71e03"": 2, ""593d1cca-574a-4ed8-986a-1015aa6bbf1b"": 2, ""ec15d4be-2922-4c3d-950e-844a16e64c8e"": 2, ""9a4d2f21-fc21-47b5-9ad8-5c0a3d6b7436"": 2, ""0836f327-d3e0-4d89-bbf0-97ad25b03341"": 2, ""7ebb9bb2-e0c9-455b-9579-5adb572c1495"": 2, ""d9d7237d-4802-4170-a088-efe9118a4fe2"": 2, ""c6e538cb-95d4-4924-a69c-a9119a5bcef5"": 4, ""cae4bff0-617f-41f9-bcfa-b35b46b15515"": 2, ""e71e1429-cf2e-4cfc-97e4-470d5f10a78a"": 2, ""0f19628a-c8ce-45ed-804e-d2168b2e6eec"": 2, ""842ea7ed-dcbd-46e2-9c00-1ce71bcd334f"": 1, ""d42b7a2e-e6f4-4536-a66a-be9189ccfa44"": 2, ""552d9e78-0525-408e-a1ba-9dfa9494e849"": 3, ""b2831528-de24-425c-a02f-4cac87e2f9c9"": 2, ""f40ef478-31cb-4cd3-a08e-fdecc9b6bf66"": 2, ""9daf9848-04c9-44ad-bab1-703be9584712"": 2, ""38b727bf-f47d-4ff7-bae7-54a6200d0b5f"": 1, ""97b5049b-85f1-420f-9803-38c49c94d320"": 2, ""bfcae9bc-c236-4b42-8598-2bf091e552b5"": 1, ""d773f6a7-5340-4413-8b2f-ec6efbd2d128"": 2, ""51b25cc6-bd4c-4b3c-ada0-d82d86ca5844"": 1, ""34c76b4e-b164-4b52-8591-697773b17a43"": 2, ""e801d82b-168a-4ef2-b04b-4ac488b0c3c7"": 2, ""cb794c4d-52bf-465a-a3a9-fc6e93c436c2"": 2, ""d8556530-0191-476a-b59b-f5b60e85d91b"": 2, ""a8d43fc5-898d-4f32-aa6e-e4668096f782"": 2, ""a639d27a-0c5f-4da4-a1a9-f489dabd8a88"": 2, ""e919ae80-1628-4e46-bd1d-ee7226bb993e"": 2, ""9df9a6e8-4101-41c7-b73c-db183343e54e"": 2, ""36435416-ba52-4ab5-9c51-af889e858f8e"": 1, ""ca473d7c-19f2-4772-a792-08bff561d76c"": 2, ""275205a9-8dc1-43d6-a8bb-afebabb5294f"": 2, ""e57982a3-0b81-45bd-9fde-8d897e7e58e6"": 1, ""c92714db-9b93-437e-9b2e-1af360ad8f4e"": 1, ""3df8ebfa-c831-46c5-b1d7-d9b0b31bd576"": 1, ""974d2f5e-e048-41f0-b95b-3027836d9717"": 1, ""ab5960da-e2b4-4e5a-a493-cd454c32e7c7"": 2, ""649ccd64-f1c9-4c34-aa56-043126ae69d2"": 1, ""6469f7ec-73a8-499d-88d6-1414fa0fcb8e"": 4, ""b0b4a854-5152-402d-a156-7a4b534d762e"": 2, ""749983d9-0fd4-400f-86f0-7393d87c63af"": 1, ""8e4361f4-081d-4e34-a27a-7ead55a9cf7b"": 2, ""c2256243-d9e4-455a-90d2-cf1b39087185"": 2, ""fd2e1414-6cd9-4aea-b14e-f2b859f0f0b6"": 2, ""3c39684a-98b0-4384-88bd-fc8d8994442a"": 2, ""ed255fef-2a98-439b-a593-f1a0eeb9e1ea"": 1, ""9ddd3937-1d18-4a3e-82f4-2cf3c748c670"": 2, ""e8793ffd-0ce0-4a75-b280-c515108f02d4"": 1, ""15e1eff8-cd84-43de-b0d8-ea7f514b38e7"": 2, ""c999fe4c-9b16-482f-b491-ec4441959f2e"": 2, ""9cf10c23-4ca6-49fb-befa-ee94ce301623"": 2, ""88992a70-3a53-4118-8edf-553ec40f61c6"": 2, ""5d5b8709-ccff-4bd2-b457-b02b298e18aa"": 1, ""e34ecd7f-fb2f-45a6-8858-6eca5e33491f"": 2, ""5f028b30-3b52-4106-832d-aa9f5f6619ac"": 1, ""d383d677-ec6c-48f7-9c74-853114f6d71a"": 2, ""5d27eee1-2678-40e3-b75f-ef1537bb9273"": 2, ""f13cd447-de82-46b4-a41d-1e38bc1cd559"": 2, ""unknown-session"": 2, ""792fa7f5-b548-4c8d-9edd-1e7385e3e902"": 2, ""75688502-5cc4-4250-bf34-e3151a5f97e3"": 2, ""aa158e27-07b8-4328-8df1-5caf5fbc5a02"": 1, ""a6d76df3-3e18-4194-8bcb-e95e037bea37"": 1, ""2b4724ad-2f97-4c39-b54e-7004848a97b9"": 2, ""602b68e2-0b25-4960-866d-f98cf5ff9cc6"": 1, ""4198117e-e349-406d-abfa-4c39a5e71f26"": 1, ""84fb3719-cb55-41cb-9d40-56d7acdc3345"": 1, ""b3b9183e-a547-4d8b-996c-0b95851b5602"": 1, ""dcf19e54-a71e-4246-b43a-46cb4166f195"": 8, ""34534388-adc5-434e-890e-7b4d0f627726"": 1, ""3f3f2567-55cb-4a34-8817-ef9959d86de0"": 1, ""6bb0fa25-6e47-46f4-8ddc-1b109a47ca47"": 1, ""5b685b73-1751-4a32-9da7-e80dccc7ffd9"": 1, ""b7f10dfc-8dfa-46a2-b1fc-80c1634aa54d"": 1, ""702e8c64-9cad-434b-a85c-57e2f025871e"": 1, ""f46f3643-4ed2-4978-98d1-e90ce77e9dd6"": 1, ""e945eb37-5237-4556-b6db-82c72b1fb23e"": 1, ""c380e7ec-9de0-493d-8cec-7b2104d04983"": 1, ""89f1b54a-bce7-4c71-b6db-ba03f321413d"": 1, ""e345c96f-e0e6-424c-80ca-b43f53d77c82"": 1, ""0e7c195c-af5c-446e-8f1e-702ec35b2540"": 1, ""2a347016-b7b2-4a5f-8088-5849186f172d"": 1, ""c27e89b1-06bc-4e12-adfc-9cd56ab51cef"": 1, ""6c09bb1c-1407-4e42-b502-0b2742a4e204"": 1, ""2a7800aa-39db-4bbc-97ce-6fe8cdcfc41f"": 1, ""4bf25e3d-55c7-44fe-a159-ee288bbf586b"": 1, ""7832f479-ac39-4891-ab8f-cd570735112b"": 1, ""0ad8d60b-173c-41c7-a5fa-19fc7dabd80c"": 1, ""dbcb5abe-acea-4407-bf09-7707444e8a16"": 2, ""faa06d77-632d-491c-9a5f-7c1fa5f3041f"": 2}, ""sessions_per_user"": {""3438d438-00f1-70cc-ca31-e2eb615a3dc0"": 70, ""446854e8-0031-70a1-f7ef-6393e8053042"": 10, ""2468c4e8-40b1-702c-4a7c-8905324ac97a"": 2, ""f4f894d8-c001-70a9-1d37-9b270a1c1d72"": 1, ""44b874f8-f0f1-70c7-68a6-f7ea3169f26a"": 2, ""74486478-7021-709b-65a7-e1bc728b3b0b"": 3, ""b488e4e8-4061-7032-d276-ab9753285628"": 8, ""anonymous"": 6, ""b4081438-b021-7054-9a34-37cb0b06c899"": 3, ""unknown-user"": 5}}"
1775119287831,"{""event"": ""session_insights_trace"", ""phase"": ""llm_context_built"", ""analysis_id"": ""8d28efed"", ""query_mode"": ""discovery"", ""session_id"": null, ""context_build_seconds"": 0.002, ""context_size_bytes"": 55713, ""context_size_kb"": 54.41, ""sessions_in_context"": 110, ""traces_in_context"": 0}"
1775119287911,"{""event"": ""session_insights_trace"", ""phase"": ""llm_call_start"", ""analysis_id"": ""8d28efed"", ""llm_timeout_seconds"": 19.3, ""elapsed_before_llm"": 9.2, ""context_size_kb"": 54.41}"
1775119296275,"{""event"": ""session_insights_trace"", ""phase"": ""llm_call_complete"", ""analysis_id"": ""8d28efed"", ""llm_elapsed_seconds"": 8.36, ""answer_size_chars"": 529, ""llm_stop_reason"": ""end_turn"", ""llm_output_tokens"": 187, ""llm_max_tokens"": 900}"
1775119296396,"{""event"": ""session_insights_trace"", ""phase"": ""analysis_complete"", ""analysis_id"": ""8d28efed"", ""total_elapsed_seconds"": 17.69, ""llm_elapsed_seconds"": 8.36, ""timing_breakdown"": {""data_collection"": 8.1, ""session_building"": 0.179, ""xray_detail_fetch"": 0.0, ""context_building"": 0.002, ""llm_call"": 8.36, ""remaining_for_serialization"": 1.05}, ""traced_total"": 161, ""delayed_traces"": 6, ""complete_3stage"": 26, ""context_size_kb"": 54.41, ""answer_excerpt"": ""Here are all the users active in this window:

nikhil had 70 sessions with 113 traces.

srivatsa had 10 sessions with 32 traces.

sowkishore1 had 8 sessions with 15 traces.

swethakumari had 3 session""}"
1775119296504,"{""event"": ""session_insights_trace"", ""phase"": ""response_serialization_complete"", ""analysis_id"": ""8d28efed"", ""serialization_seconds"": 0.093, ""response_size_bytes"": 2398648, ""response_size_kb"": 2342.43}"
1775119296544,"{""event"": ""session_insights_trace"", ""phase"": ""request_complete"", ""analysis_id"": ""42eb052a"", ""session_id"": ""498aa92b-e699-4f3f-b2d4-817f31aa139f"", ""total_elapsed_seconds"": 20.54, ""status"": ""success""}"
1775119324188,"{""event"": ""session_insights_trace"", ""phase"": ""data_collection_start"", ""analysis_id"": ""dbda19e6"", ""lookback_hours"": 720, ""lookback_mode"": """", ""query_profile"": ""balanced"", ""completeness_first"": false, ""fast_mode"": false, ""budgets"": {""runtime_seconds"": 5.0, ""evaluator_seconds"": 3.0, ""xray_seconds"": 3.0}, ""question_excerpt"": ""summary""}"
1775119329684,"{""event"": ""session_insights_trace"", ""phase"": ""data_collection_complete"", ""analysis_id"": ""dbda19e6"", ""elapsed_seconds"": 5.5, ""runtime_events"": 42, ""runtime_streams"": [""agent-traces""], ""runtime_source_stats"": {""fixed_stream_name"": ""agent-traces"", ""fixed_stream_records"": 42, ""backfill_records"": 0, ""backfill_streams"": []}, ""evaluator_events"": 150, ""xray_summaries"": 50, ""evaluator_groups"": [""/aws/bedrock-agentcore/evaluations/results/evaluation_quick_start_1773400924069-RMD3JBHdQM""]}"
1775119329824,"{""event"": ""session_insights_trace"", ""phase"": ""session_building_complete"", ""analysis_id"": ""dbda19e6"", ""session_build_seconds"": 0.042, ""sessions_created"": 33, ""users_created"": 8}"
1775119329861,"{""event"": ""session_insights_trace"", ""phase"": ""session_user_index_built"", ""analysis_id"": ""dbda19e6"", ""total_sessions"": 33, ""total_traces"": 87, ""users_detected"": 8, ""traces_per_session"": {""a179d4cb-d648-48b2-b6e0-eda4d380961e"": 1, ""95f0aff1-85dc-40d5-9d6a-d455431d1b35"": 2, ""a6983d73-e885-4ac2-a376-062e72226b45"": 4, ""eb28784f-e7c1-4133-8aeb-0720ebe25ec1"": 2, ""70006ceb-6d6b-4516-a678-db142031bb41"": 1, ""85d2fe48-527d-4c87-91e0-8e97f080033c"": 2, ""3997133a-7163-4e8f-adb9-f29819be8ff9"": 2, ""2ed872b4-2dd5-4c75-abba-e0c067364455"": 2, ""ff93db57-2f30-4109-a58b-68e120667ea7"": 1, ""9a18fe0f-0794-43e1-84ea-8b08fde75db9"": 2, ""0be3efee-11e8-4055-902b-492388eebba2"": 2, ""82a7ba4b-2b1e-4369-a474-0769c124b38d"": 2, ""7b9a3c45-bb18-41f9-ac85-be080d1f4149"": 2, ""be4b5559-58c8-44ad-b7a0-2837ff37ba6b"": 12, ""fc72c405-dc56-4e86-94f9-56cf8585c4f4"": 2, ""fe7b5129-22b6-413b-95e0-a18d80f4cd12"": 2, ""4b4c486a-3df8-4d64-928a-0a32e8e984d3"": 4, ""82e82207-f4a5-4391-aa56-e2976bb4b186"": 3, ""a3ef17e2-e40b-4643-a6f2-a096cc3fd98d"": 2, ""eabba9c7-dd63-4626-bdfa-43ae87c71e03"": 2, ""593d1cca-574a-4ed8-986a-1015aa6bbf1b"": 2, ""ec15d4be-2922-4c3d-950e-844a16e64c8e"": 2, ""9a4d2f21-fc21-47b5-9ad8-5c0a3d6b7436"": 2, ""0836f327-d3e0-4d89-bbf0-97ad25b03341"": 2, ""7ebb9bb2-e0c9-455b-9579-5adb572c1495"": 2, ""d9d7237d-4802-4170-a088-efe9118a4fe2"": 2, ""c6e538cb-95d4-4924-a69c-a9119a5bcef5"": 4, ""cae4bff0-617f-41f9-bcfa-b35b46b15515"": 1, ""e71e1429-cf2e-4cfc-97e4-470d5f10a78a"": 1, ""0f19628a-c8ce-45ed-804e-d2168b2e6eec"": 2, ""842ea7ed-dcbd-46e2-9c00-1ce71bcd334f"": 1, ""552d9e78-0525-408e-a1ba-9dfa9494e849"": 3, ""unknown-session"": 11}, ""sessions_per_user"": {""3438d438-00f1-70cc-ca31-e2eb615a3dc0"": 16, ""446854e8-0031-70a1-f7ef-6393e8053042"": 10, ""2468c4e8-40b1-702c-4a7c-8905324ac97a"": 1, ""f4f894d8-c001-70a9-1d37-9b270a1c1d72"": 1, ""44b874f8-f0f1-70c7-68a6-f7ea3169f26a"": 2, ""74486478-7021-709b-65a7-e1bc728b3b0b"": 1, ""b488e4e8-4061-7032-d276-ab9753285628"": 1, ""unknown-user"": 1}}"
1775119330783,"{""event"": ""session_insights_trace"", ""phase"": ""llm_context_built"", ""analysis_id"": ""dbda19e6"", ""query_mode"": ""discovery"", ""session_id"": null, ""context_build_seconds"": 0.001, ""context_size_bytes"": 3473, ""context_size_kb"": 3.39, ""sessions_in_context"": 0, ""traces_in_context"": 0}"
1775119330801,"{""event"": ""session_insights_trace"", ""phase"": ""llm_call_start"", ""analysis_id"": ""dbda19e6"", ""llm_timeout_seconds"": 21.89, ""elapsed_before_llm"": 6.61, ""context_size_kb"": 3.39}"
1775119342253,"{""event"": ""session_insights_trace"", ""phase"": ""llm_call_complete"", ""analysis_id"": ""dbda19e6"", ""llm_elapsed_seconds"": 11.45, ""answer_size_chars"": 1709, ""llm_stop_reason"": ""end_turn"", ""llm_output_tokens"": 501, ""llm_max_tokens"": 900}"
1775119342358,"{""event"": ""session_insights_trace"", ""phase"": ""analysis_complete"", ""analysis_id"": ""dbda19e6"", ""total_elapsed_seconds"": 18.17, ""llm_elapsed_seconds"": 11.45, ""timing_breakdown"": {""data_collection"": 5.5, ""session_building"": 0.042, ""xray_detail_fetch"": 0.0, ""context_building"": 0.001, ""llm_call"": 11.45, ""remaining_for_serialization"": 1.18}, ""traced_total"": 69, ""delayed_traces"": 6, ""complete_3stage"": 15, ""context_size_kb"": 3.39, ""answer_excerpt"": ""Here is a summary of the current window (30-day period, 43,200 minutes):

Overall Activity

The system handled 33 sessions across 87 total traces, with 8 unique users active during this period.

Perfo""}"
1775119342384,"{""event"": ""session_insights_trace"", ""phase"": ""response_serialization_complete"", ""analysis_id"": ""dbda19e6"", ""serialization_seconds"": 0.015, ""response_size_bytes"": 983277, ""response_size_kb"": 960.23}"
1775119342433,"{""event"": ""session_insights_trace"", ""phase"": ""request_complete"", ""analysis_id"": ""159072c4"", ""session_id"": ""498aa92b-e699-4f3f-b2d4-817f31aa139f"", ""total_elapsed_seconds"": 19.4, ""status"": ""success""}"